text,label
"Honestly I can't believe how good this pizza place is, we went last night and I'm still thinking about it lol",human
"idk why but this song has been stuck in my head all week, someone please make it stop",human
"my cat knocked my coffee off the desk this morning right before a meeting, great start to the day",human
"finally finished the hike, my legs are dead but the view at the top was so worth it",human
"ngl this movie was way better than I expected, cried a little at the end don't judge me",human
"spent way too long picking a paint color today, went with sage green, we'll see how it looks",human
"traffic was insane this morning, took me an hour to go like 6 miles, absolutely done",human
"tried a new recipe for dinner and it was a total disaster, ordering takeout instead",human
"can't decide if I should repaint the fence or just let it keep looking rustic honestly",human
"my brother's dog had puppies and now I want one so bad, they're impossibly cute",human
"finally beat that boss after like 20 tries, felt so good honestly",human
"weather's been weird lately, sunny one minute and pouring the next, wild",human
"Artificial intelligence is transforming industries worldwide by enabling automation, enhancing decision-making, and driving innovation across multiple sectors.",ai
"In today's rapidly evolving digital landscape, businesses must adapt to emerging technologies in order to remain competitive and achieve sustainable growth.",ai
"Effective time management is essential for maximizing productivity and achieving both personal and professional goals in an increasingly demanding world.",ai
"The integration of renewable energy sources plays a crucial role in reducing carbon emissions and promoting a more sustainable future for generations to come.",ai
"Effective communication skills are essential for building strong relationships and fostering collaboration within any professional environment.",ai
"Machine learning algorithms have significantly improved the accuracy and efficiency of predictive analytics across numerous industries and applications.",ai
"A balanced diet combined with regular physical activity is essential for maintaining overall health and long-term well-being.",ai
"The rise of remote work has fundamentally changed how organizations approach collaboration, productivity, and employee engagement in the modern workplace.",ai
"Cloud computing has revolutionized the way businesses store, manage, and access data, offering scalability and cost efficiency.",ai
"Effective leadership requires a combination of strategic vision, clear communication, and the ability to inspire and motivate a team.",ai
"Climate change continues to pose significant challenges to global ecosystems, requiring coordinated international efforts to mitigate its impact.",ai
"Digital transformation initiatives enable organizations to streamline operations, enhance customer experiences, and unlock new avenues for growth.",ai
